module,key,en,ko,ja,zh-Hant,th,id,fr,de,es,it,pt,tr,ru,ar
common,application_name,Ailom {{platform}},아일롬 {{platform}},Ailom {{platform}},Ailom {{platform}},Ailom {{platform}},Ailom {{platform}},Ailom {{platform}},Ailom {{platform}},Ailom {{platform}},Ailom {{platform}},Ailom {{platform}},Ailom {{platform}},Ailom {{platform}},Ailom {{platform}}
common,back,Back,뒤로,戻る,返回,ย้อนกลับ,Kembali,Retour,Zurück,Atrás,Indietro,Voltar,Geri,Назад,رجوع
common,cancel,Cancel,취소,キャンセル,取消,ยกเลิก,Batal,Annuler,Abbrechen,Cancelar,Annulla,Cancelar,İptal,Отмена,إلغاء
common,close,Close,닫기,閉じる,關閉,ปิด,Tutup,Fermer,Schließen,Cerrar,Chiudi,Fechar,Kapat,Закрыть,إغلاق
common,confirm,Confirm,확인,確認,確認,ยืนยัน,Konfirmasi,Confirmer,Bestätigen,Confirmar,Conferma,Confirmar,Onayla,Подтвердить,تأكيد
common,delete,Delete,삭제,削除,刪除,ลบ,Hapus,Supprimer,Löschen,Eliminar,Elimina,Excluir,Sil,Удалить,حذف
common,done,Done,완료,完了,完成,เสร็จ,Selesai,Terminé,Fertig,Hecho,Fatto,Concluído,Tamam,Готово,تم
common,edit,Edit,편집,編集,編輯,แก้ไข,Edit,Modifier,Bearbeiten,Editar,Modifica,Editar,Düzenle,Редактировать,تعديل
common,email,Email,이메일,メール,電子郵件,อีเมล,Email,E-mail,E-Mail,Correo,E-mail,E-mail,E-posta,Эл. почта,البريد الإلكتروني
common,error,Error,오류,エラー,錯誤,ข้อผิดพลาด,Kesalahan,Erreur,Fehler,Error,Errore,Erro,Hata,Ошибка,خطأ
common,loading,Loading...,로딩 중...,読み込み中...,載入中...,กำลังโหลด...,Memuat...,Chargement...,Laden...,Cargando...,Caricamento...,Carregando...,Yükleniyor...,Загрузка...,جار التحميل...
common,login,Log in,로그인,ログイン,登入,เข้าสู่ระบบ,Masuk,Se connecter,Anmelden,Iniciar sesión,Accedi,Entrar,Giriş yap,Войти,تسجيل الدخول
common,logout,Log out,로그아웃,ログアウト,登出,ออกจากระบบ,Keluar,Se déconnecter,Abmelden,Cerrar sesión,Esci,Sair,Çıkış yap,Выйти,تسجيل الخروج
common,nickname,Nickname,닉네임,ニックネーム,暱稱,ชื่อเล่น,Nama panggilan,Pseudo,Spitzname,Apodo,Soprannome,Apelido,Takma ad,Никнейм,الكنية
common,next,Next,다음,次へ,下一步,ถัดไป,Selanjutnya,Suivant,Weiter,Siguiente,Avanti,Próximo,İleri,Далее,التالي
common,ok,OK,확인,OK,確定,ตกลง,OK,OK,OK,OK,OK,OK,Tamam,ОК,موافق
common,or,Or,또는,または,或,หรือ,Atau,Ou,Oder,O,O,Ou,Veya,Или,أو
common,password,Password,비밀번호,パスワード,密碼,รหัสผ่าน,Kata sandi,Mot de passe,Passwort,Contraseña,Password,Senha,Şifre,Пароль,كلمة المرور
common,retry,Retry,재시도,再試行,重試,ลองอีกครั้ง,Coba lagi,Réessayer,Wiederholen,Reintentar,Riprova,Tentar novamente,Tekrar dene,Повторить,إعادة المحاولة
common,save,Save,저장,保存,儲存,บันทึก,Simpan,Enregistrer,Speichern,Guardar,Salva,Salvar,Kaydet,Сохранить,حفظ
common,signup,Sign up,회원가입,新規登録,註冊,สมัครสมาชิก,Daftar,S'inscrire,Registrieren,Registrarse,Registrati,Cadastrar-se,Kaydol,Зарегистрироваться,إنشاء حساب
common,submit,Submit,제출,送信,提交,ส่ง,Kirim,Envoyer,Absenden,Enviar,Invia,Enviar,Gönder,Отправить,إرسال
auth,# Login Page,,,,,,,,,,,,,,
auth,login_slogan,"Peace of Mind, Woven into Everyday Life.",일상에 스며드는 안심.,日常に溶け込む安心。,融入日常的安心。,ความอุ่นใจที่แทรกซึมในทุกวัน,Ketenangan yang Menyatu dalam Keseharian.,"La tranquillité d'esprit, tissée dans le quotidien.",Sicherheit im Alltag.,Tranquilidad en tu día a día.,"Serenità, intrecciata nella vita quotidiana.",Tranquilidade no seu dia a dia.,Günlük hayata dokunan huzur.,"Спокойствие, вплетённое в повседневность.",طمأنينة منسوجة في حياتك اليومية.
auth,login_brand_subtitle,Quietly connected peace of mind —\ncheck in on your day with comfort.,조용히 이어지는 안심으로\n하루를 편안하게 확인해 보세요.,静かにつながる安心で\n日常を穏やかに確認しましょう。,靜靜連結的安心\n輕鬆確認您的每一天。,ความอุ่นใจที่เชื่อมต่ออย่างเงียบๆ\nตรวจสอบวันของคุณอย่างสบายใจ,Ketenangan yang terhubung dengan tenang —\nperiksa hari Anda dengan nyaman.,Une tranquillité connectée en silence —\nvérifiez votre journée en toute sérénité.,Leise verbundene Sicherheit —\nüberprüfen Sie Ihren Tag in aller Ruhe.,Tranquilidad conectada en silencio —\nrevisa tu día con comodidad.,Serenità connessa in silenzio —\ncontrolla la tua giornata con tranquillità.,Tranquilidade conectada silenciosamente —\nconfira seu dia com conforto.,Sessizce bağlanan huzur —\ngününüzü rahatlıkla kontrol edin.,Тихое спокойствие —\nпроверяйте свой день с комфортом.,طمأنينة متصلة بهدوء —\nتفقّد يومك براحة.
auth,login_subtitle,"To keep watch by your side, please sign in to your account first.",곁에서 안심을 돕기 위해 먼저 계정에 연결해 주세요.,そばで見守るために、まずアカウントにログインしてください。,為了在您身旁守護，請先登入帳號。,เพื่อดูแลคุณอย่างใกล้ชิด กรุณาเข้าสู่ระบบก่อน,Untuk menemani Anda dengan tenang silakan masuk terlebih dahulu.,Pour veiller sur vous connectez-vous d'abord à votre compte.,"Um stets an Ihrer Seite zu sein, melden Sie sich bitte zuerst an.",Para acompañarte con tranquilidad inicia sesión en tu cuenta.,Per vegliare al tuo fianco accedi prima al tuo account.,Para cuidar de você entre na sua conta primeiro.,"Yanınızda olmak için lütfen önce hesabınıza giriş yapın.","Чтобы быть рядом, пожалуйста, войдите в свой аккаунт.",لنكون بجانبك، يرجى تسجيل الدخول أولاً.
auth,login_forgot_password,Want to reset your password?,비밀번호를 재설정하시겠어요?,パスワードを再設定しますか？,想要重設密碼嗎？,ต้องการรีเซ็ตรหัสผ่านหรือไม่?,Ingin mengatur ulang kata sandi?,Vous souhaitez réinitialiser votre mot de passe ?,Möchten Sie Ihr Passwort zurücksetzen?,¿Desea restablecer su contraseña?,Vuoi reimpostare la password?,Deseja redefinir sua senha?,Şifrenizi sıfırlamak ister misiniz?,Хотите сбросить пароль?,هل تريد إعادة تعيين كلمة المرور؟
auth,login_no_account,Don't have an account?,아직 계정이 없으신가요?,アカウントをお持ちでないですか？,還沒有帳號？,ยังไม่มีบัญชี?,Belum punya akun?,Pas encore de compte ?,Noch kein Konto?,¿No tienes cuenta?,Non hai un account?,Não tem uma conta?,Hesabınız yok mu?,Нет аккаунта?,ليس لديك حساب؟
auth,login_signup_cta,Sign up,가입하기,新規登録,註冊,สมัคร,Daftar,S'inscrire,Registrieren,Registrarse,Registrati,Cadastrar-se,Kaydol,Зарегистрироваться,إنشاء حساب
auth,# Signup Page,,,,,,,,,,,,,,
auth,signup_title,Sign up,회원가입,新規登録,註冊,สมัครสมาชิก,Daftar,Inscription,Registrierung,Registro,Registrazione,Cadastro,Kayıt,Регистрация,إنشاء حساب
auth,signup_verify,Verify,인증,認証,驗證,ยืนยัน,Verifikasi,Vérifier,Verifizieren,Verificar,Verifica,Verificar,Doğrula,Подтвердить,تحقق
auth,signup_resend,Resend,재발송,再送信,重新發送,ส่งอีกครั้ง,Kirim ulang,Renvoyer,Erneut senden,Reenviar,Rinvia,Reenviar,Tekrar gönder,Отправить снова,إعادة الإرسال
auth,signup_verified,Verified,인증완료,認証完了,已驗證,ยืนยันแล้ว,Terverifikasi,Vérifié,Verifiziert,Verificado,Verificato,Verificado,Doğrulandı,Подтверждено,تم التحقق
auth,signup_resend_countdown,Resend ({{seconds}}s),다시 보내기 ({{seconds}}초),再送信 ({{seconds}}秒),重新發送 ({{seconds}}秒),ส่งอีกครั้ง ({{seconds}} วินาที),Kirim ulang ({{seconds}} dtk),Renvoyer ({{seconds}}s),Erneut senden ({{seconds}}s),Reenviar ({{seconds}}s),Rinvia ({{seconds}}s),Reenviar ({{seconds}}s),Tekrar gönder ({{seconds}}sn),Повторить ({{seconds}}с),إعادة الإرسال ({{seconds}} ثانية)
auth,signup_resend_ready,"If the email hasn't arrived, tap Resend.","메일이 도착하지 않았다면, 재발송 버튼을 눌러 주세요.","メールが届かない場合は、再送信ボタンを押してください。","若未收到郵件，請按重新發送按鈕。","หากยังไม่ได้รับอีเมล กดส่งอีกครั้ง","Jika email belum diterima, tekan Kirim ulang.","Si l'e-mail n'est pas arrivé, appuyez sur Renvoyer.","Falls die E-Mail nicht angekommen ist, drücken Sie Erneut senden.","Si no ha recibido el correo, pulse Reenviar.","Se l'e-mail non è arrivata, premi Rinvia.","Se o e-mail não chegou, toque em Reenviar.","E-posta gelmediyse, Tekrar gönder düğmesine basın.","Если письмо не пришло, нажмите Отправить снова.","إذا لم يصل البريد، اضغط على إعادة الإرسال."
auth,signup_password_hint,"At least 8 characters with letters, numbers, and special characters.","8자 이상, 영문·숫자·특수문자를 포함해 주세요.","8文字以上で、英字・数字・特殊文字を含めてください。","請輸入至少 8 個字元，包含字母、數字和特殊字元。","อย่างน้อย 8 ตัวอักษร ประกอบด้วยตัวอักษร ตัวเลข และอักขระพิเศษ","Minimal 8 karakter dengan huruf, angka, dan karakter khusus.","Au moins 8 caractères avec lettres, chiffres et caractères spéciaux.","Mindestens 8 Zeichen mit Buchstaben, Zahlen und Sonderzeichen.","Al menos 8 caracteres con letras, números y caracteres especiales.","Almeno 8 caratteri con lettere, numeri e caratteri speciali.","No mínimo 8 caracteres com letras, números e caracteres especiais.","En az 8 karakter; harf, rakam ve özel karakter içermelidir.","Минимум 8 символов: буквы, цифры и спецсимволы.","8 أحرف على الأقل تتضمن أحرفًا وأرقامًا ورموزًا خاصة."
auth,signup_confirm_password,Confirm password,비밀번호 확인,パスワード確認,確認密碼,ยืนยันรหัสผ่าน,Konfirmasi kata sandi,Confirmer le mot de passe,Passwort bestätigen,Confirmar contraseña,Conferma password,Confirmar senha,Şifreyi onayla,Подтвердите пароль,تأكيد كلمة المرور
auth,signup_terms_of_service,Agree to Terms of Service (required),이용약관 동의 (필수),利用規約に同意（必須）,同意服務條款（必填）,ยอมรับข้อกำหนดการใช้งาน (จำเป็น),Setuju dengan Ketentuan Layanan (wajib),Accepter les Conditions d'utilisation (requis),Nutzungsbedingungen zustimmen (erforderlich),Aceptar los Términos de Servicio (obligatorio),Accetta i Termini di Servizio (obbligatorio),Concordar com os Termos de Serviço (obrigatório),Kullanım Koşullarını kabul et (zorunlu),Принять Условия использования (обязательно),الموافقة على شروط الخدمة (مطلوب)
auth,signup_privacy_policy,Agree to Privacy Policy (required),개인정보 처리방침 동의 (필수),プライバシーポリシーに同意（必須）,同意隱私權政策（必填）,ยอมรับนโยบายความเป็นส่วนตัว (จำเป็น),Setuju dengan Kebijakan Privasi (wajib),Accepter la Politique de confidentialité (requis),Datenschutzrichtlinie zustimmen (erforderlich),Aceptar la Política de Privacidad (obligatorio),Accetta l'Informativa sulla Privacy (obbligatorio),Concordar com a Política de Privacidade (obrigatório),Gizlilik Politikasını kabul et (zorunlu),Принять Политику конфиденциальности (обязательно),الموافقة على سياسة الخصوصية (مطلوب)
auth,signup_marketing,Agree to marketing communications (optional),마케팅 수신 동의 (선택),マーケティング情報の受信に同意（任意）,同意行銷通知（選填）,ยอมรับการรับข่าวสารการตลาด (ไม่บังคับ),Setuju menerima komunikasi pemasaran (opsional),Accepter les communications marketing (facultatif),Marketing-Mitteilungen zustimmen (optional),Aceptar comunicaciones de marketing (opcional),Accetta le comunicazioni di marketing (facoltativo),Concordar com comunicações de marketing (opcional),Pazarlama iletişimlerini kabul et (isteğe bağlı),Согласие на маркетинговые рассылки (необязательно),الموافقة على الاتصالات التسويقية (اختياري)
auth,signup_has_account,Already have an account?,이미 계정이 있으신가요?,すでにアカウントをお持ちですか？,已經有帳號了？,มีบัญชีอยู่แล้ว?,Sudah punya akun?,Vous avez déjà un compte ?,Bereits ein Konto?,¿Ya tienes cuenta?,Hai già un account?,Já tem uma conta?,Zaten hesabınız var mı?,Уже есть аккаунт?,لديك حساب بالفعل؟
auth,signup_login_cta,Log in,로그인,ログイン,登入,เข้าสู่ระบบ,Masuk,Se connecter,Anmelden,Iniciar sesión,Accedi,Entrar,Giriş yap,Войти,تسجيل الدخول
auth,signup_success,Sign up complete! Please log in.,가입이 완료되었습니다! 로그인해 주세요.,登録が完了しました！ログインしてください。,註冊完成！請登入。,สมัครสมาชิกเรียบร้อย! กรุณาเข้าสู่ระบบ,Pendaftaran selesai! Silakan masuk.,Inscription terminée ! Veuillez vous connecter.,Registrierung abgeschlossen! Bitte melden Sie sich an.,¡Registro completado! Por favor inicia sesión.,Registrazione completata! Effettua l'accesso.,Cadastro concluído! Faça login.,Kayıt tamamlandı! Lütfen giriş yapın.,Регистрация завершена! Войдите в аккаунт.,تم التسجيل بنجاح! يرجى تسجيل الدخول.
auth,# Social Consent Page,,,,,,,,,,,,,,
auth,consent_title,Almost there!,거의 다 왔어요!,あと少しです！,就快完成了！,เกือบเสร็จแล้ว!,Hampir selesai!,Presque terminé !,Fast geschafft!,¡Ya casi está!,Ci siamo quasi!,Quase lá!,Neredeyse tamam!,Почти готово!,أوشكت على الانتهاء!
auth,consent_subtitle,Please agree to the terms to use the service.,서비스 이용을 위해 약관에 동의해 주세요.,サービスのご利用には利用規約への同意が必要です。,請同意條款以使用服務。,กรุณายอมรับข้อกำหนดเพื่อใช้บริการ,Silakan setujui ketentuan untuk menggunakan layanan.,Veuillez accepter les conditions pour utiliser le service.,Bitte stimmen Sie den Bedingungen zu.,Por favor acepta los términos para usar el servicio.,Accetta i termini per utilizzare il servizio.,Aceite os termos para usar o serviço.,Hizmeti kullanmak için koşulları kabul edin.,Пожалуйста примите условия для использования сервиса.,يرجى الموافقة على الشروط لاستخدام الخدمة.
auth,consent_start,Get started,시작하기,始める,開始使用,เริ่มต้นใช้งาน,Mulai,Commencer,Loslegen,Comenzar,Inizia,Começar,Başla,Начать,ابدأ الآن
auth,# Password Reset,,,,,,,,,,,,,,
auth,reset_title,Reset password,비밀번호 재설정,パスワード再設定,重設密碼,รีเซ็ตรหัสผ่าน,Atur ulang kata sandi,Réinitialiser le mot de passe,Passwort zurücksetzen,Restablecer contraseña,Reimposta password,Redefinir senha,Şifreyi sıfırla,Сбросить пароль,إعادة تعيين كلمة المرور
auth,reset_subtitle,Enter your registered email and we'll send you a reset link.,가입하신 이메일을 입력하시면 재설정 링크를 보내드려요.,登録済みのメールアドレスを入力してください。再設定リンクをお送りします。,請輸入註冊的電子郵件，我們會寄送重設連結。,กรอกอีเมลที่ลงทะเบียนไว้ เราจะส่งลิงก์รีเซ็ตให้คุณ,Masukkan email terdaftar Anda dan kami akan mengirimkan tautan pengaturan ulang.,Entrez votre e-mail enregistré et nous vous enverrons un lien de réinitialisation.,"Geben Sie Ihre registrierte E-Mail ein, und wir senden Ihnen einen Link.",Ingresa tu correo registrado y te enviaremos un enlace de restablecimiento.,Inserisci la tua e-mail registrata e ti invieremo un link di reimpostazione.,Insira seu e-mail cadastrado e enviaremos um link de redefinição.,Kayıtlı e-postanızı girin sıfırlama bağlantısı gönderelim.,"Введите зарегистрированную почту, и мы отправим ссылку для сброса.",أدخل بريدك الإلكتروني المسجل وسنرسل لك رابط إعادة التعيين.
auth,reset_send_link,Send reset link,재설정 링크 보내기,再設定リンクを送信,發送重設連結,ส่งลิงก์รีเซ็ต,Kirim tautan pengaturan ulang,Envoyer le lien,Link senden,Enviar enlace,Invia link,Enviar link,Bağlantı gönder,Отправить ссылку,إرسال رابط إعادة التعيين
auth,reset_back_to_login,Back to login,로그인으로 돌아가기,ログインに戻る,返回登入,กลับไปหน้าเข้าสู่ระบบ,Kembali ke login,Retour à la connexion,Zurück zum Login,Volver al inicio de sesión,Torna al login,Voltar ao login,Girişe dön,Вернуться ко входу,العودة لتسجيل الدخول
auth,reset_sent_title,Check your email,이메일을 확인해 주세요,メールをご確認ください,請查看您的電子郵件,ตรวจสอบอีเมลของคุณ,Periksa email Anda,Vérifiez votre e-mail,Prüfen Sie Ihre E-Mail,Revisa tu correo,Controlla la tua e-mail,Verifique seu e-mail,E-postanızı kontrol edin,Проверьте почту,تحقق من بريدك الإلكتروني
auth,reset_sent_subtitle,"We've sent a reset link to {{email}}. Please check your inbox.","{{email}}으로 재설정 링크를 보내드렸어요. 메일함을 확인해 주세요.","{{email}} に再設定リンクを送信しました。受信トレイをご確認ください。","我們已將重設連結寄送至 {{email}}，請查看收件匣。","เราส่งลิงก์รีเซ็ตไปที่ {{email}} แล้ว กรุณาตรวจสอบกล่องจดหมาย","Kami telah mengirim tautan ke {{email}}. Silakan periksa kotak masuk Anda.","Nous avons envoyé un lien à {{email}}. Veuillez vérifier votre boîte de réception.","Wir haben einen Link an {{email}} gesendet. Bitte prüfen Sie Ihren Posteingang.","Hemos enviado un enlace a {{email}}. Por favor revisa tu bandeja de entrada.","Abbiamo inviato un link a {{email}}. Controlla la tua casella di posta.","Enviamos um link para {{email}}. Verifique sua caixa de entrada.","{{email}} adresine sıfırlama bağlantısı gönderdik. Gelen kutunuzu kontrol edin.","Мы отправили ссылку на {{email}}. Проверьте входящие.","لقد أرسلنا رابط إعادة التعيين إلى {{email}}. يرجى التحقق من صندوق الوارد."
auth,reset_resend,Didn't receive the email? Resend,이메일을 받지 못하셨나요? 다시 보내기,メールが届きませんか？再送信,沒有收到郵件？重新發送,ไม่ได้รับอีเมล? ส่งอีกครั้ง,Tidak menerima email? Kirim ulang,Vous n'avez pas reçu l'e-mail ? Renvoyer,Keine E-Mail erhalten? Erneut senden,¿No recibiste el correo? Reenviar,Non hai ricevuto l'e-mail? Rinvia,Não recebeu o e-mail? Reenviar,E-posta almadınız mı? Tekrar gönder,Не получили письмо? Отправить снова,لم تستلم البريد؟ إعادة الإرسال
auth,reset_new_password_title,Set new password,새 비밀번호 설정,新しいパスワードを設定,設定新密碼,ตั้งรหัสผ่านใหม่,Buat kata sandi baru,Définir un nouveau mot de passe,Neues Passwort festlegen,Establecer nueva contraseña,Imposta nuova password,Definir nova senha,Yeni şifre belirle,Установить новый пароль,تعيين كلمة مرور جديدة
auth,reset_new_password_subtitle,Please enter a secure new password.,안전한 새 비밀번호를 입력해 주세요.,安全な新しいパスワードを入力してください。,請輸入安全的新密碼。,กรุณาตั้งรหัสผ่านใหม่ที่ปลอดภัย,Silakan masukkan kata sandi baru yang aman.,Veuillez entrer un nouveau mot de passe sécurisé.,Bitte geben Sie ein sicheres neues Passwort ein.,Por favor ingresa una nueva contraseña segura.,Inserisci una nuova password sicura.,Insira uma nova senha segura.,Lütfen güvenli bir yeni şifre girin.,Пожалуйста введите надёжный новый пароль.,يرجى إدخال كلمة مرور جديدة آمنة.
auth,reset_new_password_label,New password,새 비밀번호,新しいパスワード,新密碼,รหัสผ่านใหม่,Kata sandi baru,Nouveau mot de passe,Neues Passwort,Nueva contraseña,Nuova password,Nova senha,Yeni şifre,Новый пароль,كلمة المرور الجديدة
auth,reset_change_password,Change password,비밀번호 변경하기,パスワードを変更,變更密碼,เปลี่ยนรหัสผ่าน,Ubah kata sandi,Changer le mot de passe,Passwort ändern,Cambiar contraseña,Cambia password,Alterar senha,Şifreyi değiştir,Изменить пароль,تغيير كلمة المرور
auth,reset_complete_title,Password changed,비밀번호가 변경되었어요,パスワードが変更されました,密碼已變更,เปลี่ยนรหัสผ่านเรียบร้อย,Kata sandi telah diubah,Mot de passe modifié,Passwort geändert,Contraseña cambiada,Password modificata,Senha alterada,Şifre değiştirildi,Пароль изменён,تم تغيير كلمة المرور
auth,reset_complete_subtitle,Please log in with your new password.,새 비밀번호로 로그인해 주세요.,新しいパスワードでログインしてください。,請使用新密碼登入。,กรุณาเข้าสู่ระบบด้วยรหัสผ่านใหม่,Silakan masuk dengan kata sandi baru Anda.,Veuillez vous connecter avec votre nouveau mot de passe.,Bitte melden Sie sich mit Ihrem neuen Passwort an.,Inicia sesión con tu nueva contraseña.,Accedi con la nuova password.,Entre com sua nova senha.,Yeni şifrenizle giriş yapın.,Войдите с новым паролем.,يرجى تسجيل الدخول بكلمة المرور الجديدة.
auth,reset_go_to_login,Log in,로그인하기,ログイン,登入,เข้าสู่ระบบ,Masuk,Se connecter,Anmelden,Iniciar sesión,Accedi,Entrar,Giriş yap,Войти,تسجيل الدخول
auth,# Placeholders,,,,,,,,,,,,,,
auth,placeholder_email,Enter your email,이메일을 입력해 주세요,メールアドレスを入力,請輸入電子郵件,กรอกอีเมลของคุณ,Masukkan email Anda,Entrez votre e-mail,E-Mail eingeben,Ingresa tu correo,Inserisci la tua e-mail,Insira seu e-mail,E-postanızı girin,Введите эл. почту,أدخل بريدك الإلكتروني
auth,placeholder_password,Enter your password,비밀번호를 입력해 주세요,パスワードを入力,請輸入密碼,กรอกรหัสผ่านของคุณ,Masukkan kata sandi Anda,Entrez votre mot de passe,Passwort eingeben,Ingresa tu contraseña,Inserisci la password,Insira sua senha,Şifrenizi girin,Введите пароль,أدخل كلمة المرور
auth,placeholder_confirm_password,Re-enter your password,비밀번호를 다시 입력해 주세요,パスワードを再入力,請再次輸入密碼,กรอกรหัสผ่านอีกครั้ง,Masukkan ulang kata sandi,Confirmez le mot de passe,Passwort erneut eingeben,Confirma tu contraseña,Conferma la password,Confirme sua senha,Şifrenizi tekrar girin,Повторите пароль,أعد إدخال كلمة المرور
auth,placeholder_nickname,Enter your nickname,닉네임을 입력해 주세요,ニックネームを入力,請輸入暱稱,กรอกชื่อเล่นของคุณ,Masukkan nama panggilan,Entrez votre pseudo,Spitznamen eingeben,Ingresa tu apodo,Inserisci il tuo soprannome,Insira seu apelido,Takma adınızı girin,Введите никнейм,أدخل الكنية
auth,placeholder_new_password,At least 8 characters,8자 이상 입력해 주세요,8文字以上,至少 8 個字元,อย่างน้อย 8 ตัวอักษร,Minimal 8 karakter,Au moins 8 caractères,Mindestens 8 Zeichen,Al menos 8 caracteres,Almeno 8 caratteri,No mínimo 8 caracteres,En az 8 karakter,Минимум 8 символов,8 أحرف على الأقل
auth,# OAuth Buttons,,,,,,,,,,,,,,
auth,oauth_google,Continue with Google,Google로 계속하기,Googleで続ける,使用 Google 繼續,ดำเนินการต่อด้วย Google,Lanjutkan dengan Google,Continuer avec Google,Weiter mit Google,Continuar con Google,Continua con Google,Continuar com Google,Google ile devam et,Продолжить с Google,المتابعة عبر Google
auth,oauth_apple,Continue with Apple,Apple로 계속하기,Appleで続ける,使用 Apple 繼續,ดำเนินการต่อด้วย Apple,Lanjutkan dengan Apple,Continuer avec Apple,Weiter mit Apple,Continuar con Apple,Continua con Apple,Continuar com Apple,Apple ile devam et,Продолжить с Apple,المتابعة عبر Apple
auth,oauth_kakao,Continue with Kakao,카카오로 계속하기,Kakaoで続ける,使用 Kakao 繼續,ดำเนินการต่อด้วย Kakao,Lanjutkan dengan Kakao,Continuer avec Kakao,Weiter mit Kakao,Continuar con Kakao,Continua con Kakao,Continuar com Kakao,Kakao ile devam et,Продолжить с Kakao,المتابعة عبر Kakao
auth,oauth_naver,Continue with Naver,네이버로 계속하기,Naverで続ける,使用 Naver 繼續,ดำเนินการต่อด้วย Naver,Lanjutkan dengan Naver,Continuer avec Naver,Weiter mit Naver,Continuar con Naver,Continua con Naver,Continuar com Naver,Naver ile devam et,Продолжить с Naver,المتابعة عبر Naver
auth,oauth_line,Continue with LINE,LINE으로 계속하기,LINEで続ける,使用 LINE 繼續,ดำเนินการต่อด้วย LINE,Lanjutkan dengan LINE,Continuer avec LINE,Weiter mit LINE,Continuar con LINE,Continua con LINE,Continuar com LINE,LINE ile devam et,Продолжить с LINE,المتابعة عبر LINE
error,# General errors,,,,,,,,,,,,,,
error,error_cancelled,Cancelled,취소되었습니다,キャンセルされました,已取消,ยกเลิกแล้ว,Dibatalkan,Annulé,Abgebrochen,Cancelado,Annullato,Cancelado,İptal edildi,Отменено,تم الإلغاء
error,error_decoding,Failed to parse data,데이터를 읽지 못했습니다,データの解析に失敗しました,無法解析資料,ไม่สามารถอ่านข้อมูลได้,Gagal membaca data,Échec de l'analyse des données,Daten konnten nicht gelesen werden,No se pudieron leer los datos,Impossibile leggere i dati,Falha ao ler os dados,Veri okunamadı,Не удалось прочитать данные,فشل في قراءة البيانات
error,error_encoding,Failed to encode data,데이터를 처리하지 못했습니다,データの処理に失敗しました,無法處理資料,ไม่สามารถประมวลผลข้อมูลได้,Gagal memproses data,Échec du traitement des données,Daten konnten nicht verarbeitet werden,No se pudieron procesar los datos,Impossibile elaborare i dati,Falha ao processar os dados,Veri işlenemedi,Не удалось обработать данные,فشل في معالجة البيانات
error,error_invalid_url,Invalid URL,잘못된 URL입니다,無効なURLです,無效的 URL,URL ไม่ถูกต้อง,URL tidak valid,URL invalide,Ungültige URL,URL no válida,URL non valido,URL inválida,Geçersiz URL,Недействительный URL,رابط غير صالح
error,error_login_cancelled,Login was cancelled,로그인을 취소했습니다,ログインがキャンセルされました,登入已取消,การเข้าสู่ระบบถูกยกเลิก,Login dibatalkan,Connexion annulée,Anmeldung abgebrochen,Inicio de sesión cancelado,Accesso annullato,Login cancelado,Giriş iptal edildi,Вход отменён,تم إلغاء تسجيل الدخول
error,error_login_failed,Please check your email or password and try again.,이메일 또는 비밀번호를 다시 확인해 주세요.,メールアドレスまたはパスワードをご確認の上、もう一度お試しください。,請確認電子郵件或密碼後重試。,กรุณาตรวจสอบอีเมลหรือรหัสผ่านแล้วลองอีกครั้ง,Periksa email atau kata sandi Anda dan coba lagi.,Vérifiez votre e-mail ou mot de passe et réessayez.,Bitte überprüfen Sie E-Mail oder Passwort und versuchen Sie es erneut.,Verifica tu correo o contraseña e inténtalo de nuevo.,Controlla e-mail o password e riprova.,Verifique seu e-mail ou senha e tente novamente.,E-posta veya şifrenizi kontrol edip tekrar deneyin.,Проверьте почту или пароль и попробуйте снова.,يرجى التحقق من البريد الإلكتروني أو كلمة المرور والمحاولة مرة أخرى.
error,error_no_data,No data available,데이터가 없습니다,データがありません,沒有可用資料,ไม่มีข้อมูล,Tidak ada data,Aucune donnée disponible,Keine Daten verfügbar,No hay datos disponibles,Nessun dato disponibile,Sem dados disponíveis,Veri bulunamadı,Нет данных,لا توجد بيانات متاحة
error,error_oauth_callback_failed,Failed to receive authentication response,인증 정보를 받지 못했습니다,認証応答の受信に失敗しました,未能收到認證回應,ไม่สามารถรับการตอบกลับการยืนยันตัวตนได้,Gagal menerima respons autentikasi,Échec de la réception de la réponse d'authentification,Authentifizierungsantwort konnte nicht empfangen werden,No se pudo recibir la respuesta de autenticación,Impossibile ricevere la risposta di autenticazione,Falha ao receber resposta de autenticação,Kimlik doğrulama yanıtı alınamadı,Не удалось получить ответ аутентификации,فشل في استلام استجابة المصادقة
error,error_signup_failed,Signup failed. Please try again.,회원가입에 실패했습니다. 다시 시도해 주세요.,登録に失敗しました。もう一度お試しください。,註冊失敗，請重試。,การสมัครสมาชิกล้มเหลว กรุณาลองอีกครั้ง,Pendaftaran gagal. Silakan coba lagi.,L'inscription a échoué. Veuillez réessayer.,Registrierung fehlgeschlagen. Bitte versuchen Sie es erneut.,El registro falló. Inténtalo de nuevo.,Registrazione non riuscita. Riprova.,Cadastro falhou. Tente novamente.,Kayıt başarısız. Lütfen tekrar deneyin.,Регистрация не удалась. Попробуйте снова.,فشل التسجيل. يرجى المحاولة مرة أخرى.
error,error_social_login_failed,Something went wrong with the connection. Please try again.,연결에 문제가 생겼습니다. 다시 시도해 주세요.,接続に問題が発生しました。もう一度お試しください。,連線發生問題，請重試。,เกิดปัญหากับการเชื่อมต่อ กรุณาลองอีกครั้ง,Terjadi masalah dengan koneksi. Silakan coba lagi.,Un problème est survenu avec la connexion. Réessayez.,Es gab ein Problem mit der Verbindung. Bitte versuchen Sie es erneut.,Hubo un problema con la conexión. Inténtalo de nuevo.,Si è verificato un problema con la connessione. Riprova.,Houve um problema com a conexão. Tente novamente.,Bağlantıda bir sorun oluştu. Lütfen tekrar deneyin.,Возникла проблема с подключением. Попробуйте снова.,حدثت مشكلة في الاتصال. يرجى المحاولة مرة أخرى.
error,error_unknown,Something went wrong. Please try again.,잠시 문제가 생겼습니다. 다시 시도해 주세요.,問題が発生しました。もう一度お試しください。,發生錯誤，請重試。,เกิดข้อผิดพลาด กรุณาลองอีกครั้ง,Terjadi kesalahan. Silakan coba lagi.,Un problème est survenu. Veuillez réessayer.,Ein Fehler ist aufgetreten. Bitte versuchen Sie es erneut.,Algo salió mal. Inténtalo de nuevo.,Qualcosa è andato storto. Riprova.,Algo deu errado. Tente novamente.,Bir hata oluştu. Lütfen tekrar deneyin.,Что-то пошло не так. Попробуйте снова.,حدث خطأ ما. يرجى المحاولة مرة أخرى.
error,# Network errors,,,,,,,,,,,,,,
error,error_timeout,Connection timed out. Please try again.,연결 시간이 초과되었습니다. 다시 시도해 주세요.,接続がタイムアウトしました。もう一度お試しください。,連線逾時，請重試。,การเชื่อมต่อหมดเวลา กรุณาลองอีกครั้ง,Koneksi habis waktu. Silakan coba lagi.,La connexion a expiré. Veuillez réessayer.,Verbindungszeitüberschreitung. Bitte versuchen Sie es erneut.,La conexión expiró. Inténtalo de nuevo.,Connessione scaduta. Riprova.,Conexão expirou. Tente novamente.,Bağlantı zaman aşımına uğradı. Tekrar deneyin.,Время подключения истекло. Попробуйте снова.,انتهت مهلة الاتصال. يرجى المحاولة مرة أخرى.
error,error_no_connection,No internet connection. Please check your network.,인터넷 연결이 없습니다. 네트워크를 확인해 주세요.,インターネット接続がありません。ネットワークをご確認ください。,沒有網路連線，請檢查您的網路。,ไม่มีการเชื่อมต่ออินเทอร์เน็ต กรุณาตรวจสอบเครือข่าย,Tidak ada koneksi internet. Periksa jaringan Anda.,Aucune connexion Internet. Vérifiez votre réseau.,Keine Internetverbindung. Bitte prüfen Sie Ihr Netzwerk.,Sin conexión a Internet. Verifica tu red.,Nessuna connessione Internet. Controlla la tua rete.,Sem conexão com a Internet. Verifique sua rede.,İnternet bağlantısı yok. Ağınızı kontrol edin.,Нет подключения к интернету. Проверьте сеть.,لا يوجد اتصال بالإنترنت. يرجى التحقق من الشبكة.
error,error_server,We're having trouble connecting. Please try again shortly.,잠시 연결이 어렵습니다. 잠시 후 다시 시도해 주세요.,接続に問題が発生しています。しばらくしてからお試しください。,連線遇到問題，請稍後再試。,เรากำลังมีปัญหาในการเชื่อมต่อ กรุณาลองอีกครั้งในอีกสักครู่,Kami mengalami masalah koneksi. Silakan coba lagi nanti.,Nous avons des difficultés de connexion. Réessayez dans un instant.,Wir haben derzeit Verbindungsprobleme. Bitte versuchen Sie es gleich erneut.,Tenemos problemas de conexión. Inténtalo de nuevo en un momento.,Stiamo riscontrando problemi di connessione. Riprova tra poco.,Estamos com problemas de conexão. Tente novamente em breve.,Bağlantı sorunu yaşıyoruz. Lütfen birazdan tekrar deneyin.,Проблемы с подключением. Попробуйте позже.,نواجه مشكلة في الاتصال. يرجى المحاولة بعد قليل.
error,error_bad_request,Invalid request,잘못된 요청입니다,無効なリクエストです,無效的請求,คำขอไม่ถูกต้อง,Permintaan tidak valid,Requête invalide,Ungültige Anfrage,Solicitud no válida,Richiesta non valida,Solicitação inválida,Geçersiz istek,Недопустимый запрос,طلب غير صالح
error,error_not_found,Not found,찾을 수 없습니다,見つかりません,找不到,ไม่พบ,Tidak ditemukan,Introuvable,Nicht gefunden,No encontrado,Non trovato,Não encontrado,Bulunamadı,Не найдено,غير موجود
error,error_rate_limited,Too many requests. Please try again later.,요청이 너무 많습니다. 잠시 후 다시 시도해 주세요.,リクエストが多すぎます。しばらくしてからお試しください。,請求過多，請稍後再試。,คำขอมากเกินไป กรุณาลองอีกครั้งในภายหลัง,Terlalu banyak permintaan. Coba lagi nanti.,Trop de requêtes. Réessayez plus tard.,Zu viele Anfragen. Bitte versuchen Sie es später erneut.,Demasiadas solicitudes. Inténtalo más tarde.,Troppe richieste. Riprova più tardi.,Muitas solicitações. Tente novamente mais tarde.,Çok fazla istek. Lütfen daha sonra tekrar deneyin.,Слишком много запросов. Попробуйте позже.,طلبات كثيرة جدًا. يرجى المحاولة لاحقًا.
error,error_rate_limited_with_retry,Too many requests. Please try again in %1$d seconds.,요청이 너무 많습니다. %1$d초 후에 다시 시도해 주세요.,リクエストが多すぎます。%1$d秒後にお試しください。,請求過多，請在 %1$d 秒後重試。,คำขอมากเกินไป กรุณาลองอีกครั้งใน %1$d วินาที,Terlalu banyak permintaan. Coba lagi dalam %1$d detik.,Trop de requêtes. Réessayez dans %1$d secondes.,Zu viele Anfragen. Bitte in %1$d Sekunden erneut versuchen.,Demasiadas solicitudes. Inténtalo en %1$d segundos.,Troppe richieste. Riprova tra %1$d secondi.,Muitas solicitações. Tente novamente em %1$d segundos.,Çok fazla istek. %1$d saniye sonra tekrar deneyin.,Слишком много запросов. Повторите через %1$d сек.,طلبات كثيرة جدًا. يرجى المحاولة بعد %1$d ثانية.
error,# Auth errors,,,,,,,,,,,,,,
error,error_unauthorized,Authentication required,인증이 필요합니다,認証が必要です,需要認證,ต้องการการยืนยันตัวตน,Autentikasi diperlukan,Authentification requise,Authentifizierung erforderlich,Autenticación requerida,Autenticazione richiesta,Autenticação necessária,Kimlik doğrulama gerekli,Требуется аутентификация,المصادقة مطلوبة
error,error_forbidden,Access denied,접근이 거부되었습니다,アクセスが拒否されました,存取被拒,การเข้าถึงถูกปฏิเสธ,Akses ditolak,Accès refusé,Zugriff verweigert,Acceso denegado,Accesso negato,Acesso negado,Erişim engellendi,Доступ запрещён,تم رفض الوصول
error,error_session_expired,Your session has expired. Please log in again.,세션이 만료되었습니다. 다시 로그인해 주세요.,セッションが期限切れです。再度ログインしてください。,工作階段已過期，請重新登入。,เซสชันหมดอายุ กรุณาเข้าสู่ระบบอีกครั้ง,Sesi Anda telah berakhir. Silakan masuk kembali.,Votre session a expiré. Veuillez vous reconnecter.,Ihre Sitzung ist abgelaufen. Bitte melden Sie sich erneut an.,Tu sesión ha expirado. Inicia sesión de nuevo.,La sessione è scaduta. Accedi nuovamente.,Sua sessão expirou. Faça login novamente.,Oturumunuz sona erdi. Lütfen tekrar giriş yapın.,Сеанс истёк. Войдите снова.,انتهت جلستك. يرجى تسجيل الدخول مرة أخرى.
error,error_email_already_exists,This email is already registered. Please log in instead.,이미 가입된 이메일입니다. 로그인해 주세요.,このメールアドレスは既に登録されています。ログインしてください。,此電子郵件已註冊，請直接登入。,อีเมลนี้ลงทะเบียนแล้ว กรุณาเข้าสู่ระบบแทน,Email ini sudah terdaftar. Silakan masuk.,Cet e-mail est déjà enregistré. Veuillez vous connecter.,Diese E-Mail ist bereits registriert. Bitte melden Sie sich an.,Este correo ya está registrado. Inicia sesión.,Questa e-mail è già registrata. Effettua l'accesso.,Este e-mail já está cadastrado. Faça login.,Bu e-posta zaten kayıtlı. Lütfen giriş yapın.,Этот email уже зарегистрирован. Войдите.,هذا البريد مسجل بالفعل. يرجى تسجيل الدخول.
error,error_reset_link_invalid,This link has expired or is invalid. Please request again.,링크가 만료되었거나 유효하지 않습니다. 다시 요청해 주세요.,このリンクは期限切れまたは無効です。再度リクエストしてください。,此連結已過期或無效，請重新請求。,ลิงก์นี้หมดอายุหรือไม่ถูกต้อง กรุณาขอใหม่อีกครั้ง,Tautan ini telah kedaluwarsa atau tidak valid. Silakan minta lagi.,Ce lien a expiré ou est invalide. Veuillez en demander un nouveau.,Dieser Link ist abgelaufen oder ungültig. Bitte erneut anfordern.,Este enlace ha expirado o no es válido. Solicítalo de nuevo.,Questo link è scaduto o non è valido. Richiedine uno nuovo.,Este link expirou ou é inválido. Solicite novamente.,Bu bağlantı süresi dolmuş veya geçersiz. Lütfen tekrar isteyin.,Ссылка устарела или недействительна. Запросите снова.,هذا الرابط منتهي الصلاحية أو غير صالح. يرجى الطلب مرة أخرى.
error,# Email verification errors,,,,,,,,,,,,,,
error,error_verification_code_invalid,The verification code is incorrect. Please check and try again.,인증 코드가 일치하지 않습니다. 다시 확인해 주세요.,認証コードが正しくありません。確認してもう一度お試しください。,驗證碼不正確，請確認後重試。,รหัสยืนยันไม่ถูกต้อง กรุณาตรวจสอบแล้วลองอีกครั้ง,Kode verifikasi salah. Periksa dan coba lagi.,Le code de vérification est incorrect. Vérifiez et réessayez.,Der Bestätigungscode ist falsch. Bitte überprüfen und erneut versuchen.,El código de verificación es incorrecto. Revísalo e inténtalo de nuevo.,Il codice di verifica non è corretto. Controlla e riprova.,O código de verificação está incorreto. Verifique e tente novamente.,Doğrulama kodu yanlış. Kontrol edip tekrar deneyin.,Неверный код подтверждения. Проверьте и попробуйте снова.,رمز التحقق غير صحيح. يرجى التحقق والمحاولة مرة أخرى.
error,error_verification_code_expired,The verification code has expired. Please request a new one.,인증 코드가 만료되었습니다. 다시 요청해 주세요.,認証コードの有効期限が切れました。再度リクエストしてください。,驗證碼已過期，請重新請求。,รหัสยืนยันหมดอายุแล้ว กรุณาขอรหัสใหม่,Kode verifikasi telah kedaluwarsa. Silakan minta kode baru.,Le code de vérification a expiré. Veuillez en demander un nouveau.,Der Bestätigungscode ist abgelaufen. Bitte fordern Sie einen neuen an.,El código de verificación ha expirado. Solicita uno nuevo.,Il codice di verifica è scaduto. Richiedine uno nuovo.,O código de verificação expirou. Solicite um novo.,Doğrulama kodunun süresi doldu. Lütfen yeni kod isteyin.,Код подтверждения истёк. Запросите новый.,انتهت صلاحية رمز التحقق. يرجى طلب رمز جديد.
error,error_too_many_attempts,Too many attempts. Please try again in {{minutes}} minutes.,시도 횟수를 초과했습니다. {{minutes}}분 후 다시 시도해 주세요.,試行回数が多すぎます。{{minutes}}分後にお試しください。,嘗試次數過多，請在 {{minutes}} 分鐘後重試。,ลองหลายครั้งเกินไป กรุณาลองอีกครั้งใน {{minutes}} นาที,Terlalu banyak percobaan. Coba lagi dalam {{minutes}} menit.,Trop de tentatives. Réessayez dans {{minutes}} minutes.,Zu viele Versuche. Bitte in {{minutes}} Minuten erneut versuchen.,Demasiados intentos. Inténtalo en {{minutes}} minutos.,Troppi tentativi. Riprova tra {{minutes}} minuti.,Muitas tentativas. Tente novamente em {{minutes}} minutos.,Çok fazla deneme. {{minutes}} dakika sonra tekrar deneyin.,Слишком много попыток. Повторите через {{minutes}} мин.,محاولات كثيرة جدًا. يرجى المحاولة بعد {{minutes}} دقائق.
error,error_resend_cooldown,Please try again shortly.,잠시 후 다시 요청해 주세요.,しばらくしてから再度お試しください。,請稍後再試。,กรุณาลองอีกครั้งในอีกสักครู่,Silakan coba lagi sebentar.,Veuillez réessayer dans un instant.,Bitte versuchen Sie es gleich erneut.,Inténtalo de nuevo en un momento.,Riprova tra poco.,Tente novamente em breve.,Lütfen birazdan tekrar deneyin.,Попробуйте чуть позже.,يرجى المحاولة بعد قليل.
error,# Validation errors,,,,,,,,,,,,,,
error,error_empty_email,Please enter your email,이메일을 입력해 주세요,メールアドレスを入力してください,請輸入電子郵件,กรุณากรอกอีเมล,Silakan masukkan email Anda,Veuillez entrer votre e-mail,Bitte geben Sie Ihre E-Mail ein,Ingresa tu correo electrónico,Inserisci la tua e-mail,Insira seu e-mail,Lütfen e-postanızı girin,Введите адрес эл. почты,يرجى إدخال بريدك الإلكتروني
error,error_invalid_email,Please enter a valid email address,올바른 이메일 주소를 입력해 주세요,有効なメールアドレスを入力してください,請輸入有效的電子郵件地址,กรุณากรอกอีเมลที่ถูกต้อง,Masukkan alamat email yang valid,Entrez une adresse e-mail valide,Bitte geben Sie eine gültige E-Mail-Adresse ein,Ingresa una dirección de correo válida,Inserisci un indirizzo e-mail valido,Insira um endereço de e-mail válido,Geçerli bir e-posta adresi girin,Введите корректный адрес эл. почты,يرجى إدخال عنوان بريد إلكتروني صالح
error,error_empty_password,Please enter your password,비밀번호를 입력해 주세요,パスワードを入力してください,請輸入密碼,กรุณากรอกรหัสผ่าน,Silakan masukkan kata sandi Anda,Veuillez entrer votre mot de passe,Bitte geben Sie Ihr Passwort ein,Ingresa tu contraseña,Inserisci la password,Insira sua senha,Lütfen şifrenizi girin,Введите пароль,يرجى إدخال كلمة المرور
error,error_invalid_password,The password is incorrect,비밀번호가 올바르지 않습니다,パスワードが正しくありません,密碼不正確,รหัสผ่านไม่ถูกต้อง,Kata sandi salah,Le mot de passe est incorrect,Das Passwort ist falsch,La contraseña es incorrecta,La password non è corretta,A senha está incorreta,Şifre yanlış,Неверный пароль,كلمة المرور غير صحيحة
error,error_empty_confirm_password,Please confirm your password,비밀번호를 한번 더 입력해 주세요,パスワードを再入力してください,請再次確認密碼,กรุณายืนยันรหัสผ่าน,Silakan konfirmasi kata sandi Anda,Veuillez confirmer votre mot de passe,Bitte bestätigen Sie Ihr Passwort,Confirma tu contraseña,Conferma la password,Confirme sua senha,Lütfen şifrenizi onaylayın,Подтвердите пароль,يرجى تأكيد كلمة المرور
error,error_weak_password,Password must be at least 8 characters,비밀번호는 8자 이상이어야 합니다,パスワードは8文字以上必要です,密碼至少需要 8 個字元,รหัสผ่านต้องมีอย่างน้อย 8 ตัวอักษร,Kata sandi minimal 8 karakter,Le mot de passe doit contenir au moins 8 caractères,Das Passwort muss mindestens 8 Zeichen lang sein,La contraseña debe tener al menos 8 caracteres,La password deve contenere almeno 8 caratteri,A senha deve ter pelo menos 8 caracteres,Şifre en az 8 karakter olmalıdır,Пароль должен быть не менее 8 символов,يجب أن تتكون كلمة المرور من 8 أحرف على الأقل
error,error_password_mismatch,Passwords do not match,비밀번호가 일치하지 않습니다,パスワードが一致しません,密碼不一致,รหัสผ่านไม่ตรงกัน,Kata sandi tidak cocok,Les mots de passe ne correspondent pas,Die Passwörter stimmen nicht überein,Las contraseñas no coinciden,Le password non corrispondono,As senhas não coincidem,Şifreler eşleşmiyor,Пароли не совпадают,كلمتا المرور غير متطابقتين
error,error_empty_nickname,Please enter a nickname,닉네임을 입력해 주세요,ニックネームを入力してください,請輸入暱稱,กรุณากรอกชื่อเล่น,Silakan masukkan nama panggilan,Veuillez entrer un pseudo,Bitte geben Sie einen Spitznamen ein,Ingresa un apodo,Inserisci un soprannome,Insira um apelido,Lütfen bir takma ad girin,Введите никнейм,يرجى إدخال الكنية
error,error_nickname_too_long,Nickname must be 20 characters or less,닉네임은 20자 이하여야 합니다,ニックネームは20文字以内にしてください,暱稱不得超過 20 個字元,ชื่อเล่นต้องไม่เกิน 20 ตัวอักษร,Nama panggilan maksimal 20 karakter,Le pseudo doit contenir 20 caractères maximum,Der Spitzname darf maximal 20 Zeichen lang sein,El apodo debe tener 20 caracteres o menos,Il soprannome non deve superare i 20 caratteri,O apelido deve ter no máximo 20 caracteres,Takma ad en fazla 20 karakter olmalıdır,Никнейм должен быть не более 20 символов,يجب ألا تتجاوز الكنية 20 حرفًا
error,error_password_no_uppercase,Password must contain an uppercase letter,비밀번호는 대문자를 포함해야 합니다,パスワードに大文字を含める必要があります,密碼必須包含大寫字母,รหัสผ่านต้องมีตัวอักษรพิมพ์ใหญ่,Kata sandi harus mengandung huruf besar,Le mot de passe doit contenir une majuscule,Das Passwort muss einen Großbuchstaben enthalten,La contraseña debe contener una mayúscula,La password deve contenere una lettera maiuscola,A senha deve conter uma letra maiúscula,Şifre büyük harf içermelidir,Пароль должен содержать заглавную букву,يجب أن تحتوي كلمة المرور على حرف كبير
error,error_password_no_lowercase,Password must contain a lowercase letter,비밀번호는 소문자를 포함해야 합니다,パスワードに小文字を含める必要があります,密碼必須包含小寫字母,รหัสผ่านต้องมีตัวอักษรพิมพ์เล็ก,Kata sandi harus mengandung huruf kecil,Le mot de passe doit contenir une minuscule,Das Passwort muss einen Kleinbuchstaben enthalten,La contraseña debe contener una minúscula,La password deve contenere una lettera minuscola,A senha deve conter uma letra minúscula,Şifre küçük harf içermelidir,Пароль должен содержать строчную букву,يجب أن تحتوي كلمة المرور على حرف صغير
error,error_password_no_number,Password must contain a number,비밀번호는 숫자를 포함해야 합니다,パスワードに数字を含める必要があります,密碼必須包含數字,รหัสผ่านต้องมีตัวเลข,Kata sandi harus mengandung angka,Le mot de passe doit contenir un chiffre,Das Passwort muss eine Zahl enthalten,La contraseña debe contener un número,La password deve contenere un numero,A senha deve conter um número,Şifre rakam içermelidir,Пароль должен содержать цифру,يجب أن تحتوي كلمة المرور على رقم
error,error_password_no_special_character,Password must contain a special character,비밀번호는 특수문자를 포함해야 합니다,パスワードに特殊文字を含める必要があります,密碼必須包含特殊字元,รหัสผ่านต้องมีอักขระพิเศษ,Kata sandi harus mengandung karakter khusus,Le mot de passe doit contenir un caractère spécial,Das Passwort muss ein Sonderzeichen enthalten,La contraseña debe contener un carácter especial,La password deve contenere un carattere speciale,A senha deve conter um caractere especial,Şifre özel karakter içermelidir,Пароль должен содержать спецсимвол,يجب أن تحتوي كلمة المرور على رمز خاص
error,error_email_not_verified,Please verify your email address,이메일 인증을 완료해 주세요,メールアドレスを認証してください,請驗證您的電子郵件,กรุณายืนยันอีเมลของคุณ,Silakan verifikasi email Anda,Veuillez vérifier votre adresse e-mail,Bitte bestätigen Sie Ihre E-Mail-Adresse,Por favor verifica tu correo electrónico,Per favore verifica il tuo indirizzo e-mail,Por favor verifique seu e-mail,Lütfen e-posta adresinizi doğrulayın,Пожалуйста подтвердите ваш email,يرجى التحقق من عنوان بريدك الإلكتروني
error,error_terms_required,Please agree to the required terms,필수 약관에 동의해 주세요,必須の利用規約に同意してください,請同意必填條款,กรุณายอมรับข้อกำหนดที่จำเป็น,Silakan setujui ketentuan yang wajib,Veuillez accepter les conditions requises,Bitte stimmen Sie den erforderlichen Bedingungen zu,Por favor acepta los términos obligatorios,Per favore accetta i termini obbligatori,Por favor aceite os termos obrigatórios,Lütfen gerekli koşulları kabul edin,Пожалуйста примите обязательные условия,يرجى الموافقة على الشروط المطلوبة
